id,winner_model_a,winner_model_b,winner_tie
136060,0.08127661436754005,0.3278075392265153,0.5909158464059446
211333,0.8178183331419633,0.12169150777721256,0.060490159080824
1233961,0.5091307518601403,0.25781537432157614,0.23305387381828352
